Release Date ,Movie Name ,Genre,Movie Summary  ,,
"Apr 10, 2023",Second Chances ,Drama,A 21-year old thrift store worker covertly works to reunite a couple after discovering a torn up love note in an old handbag.,,
"Apr 11, 2023",Law of Tehran ,Action,"The police are after a drug lord named Naser Khakzad, but when they finally manage to catch him, he tries whatever he can think of to escape and save his family.",,
"Apr 11, 2023",Law of Tehran ,Crime,"The police are after a drug lord named Naser Khakzad, but when they finally manage to catch him, he tries whatever he can think of to escape and save his family.",,
"Apr 11, 2023",Law of Tehran ,Drama,"The police are after a drug lord named Naser Khakzad, but when they finally manage to catch him, he tries whatever he can think of to escape and save his family.",,
"Apr 12, 2023",Beautiful Disaster ,Drama,"College freshman, Abby, tries to distance herself from her dark past while resisting her attraction to bad boy, Travis.",,
"Apr 12, 2023",Beautiful Disaster ,Romance,"College freshman, Abby, tries to distance herself from her dark past while resisting her attraction to bad boy, Travis.",,
"Apr 12, 2023",Kryptonim: Polska ,Comedy,"Staszek lives in Bialystok and is a member of the Radical Youth Association, abbreviated as ZMR. He is not a radical himself, but belonging to nationalists gives him strength and a sense of purpose. Fulfilling the orders of the charismatic leader - Roman, Staszek and the rest of their buddies engage in patriotic activities and actions that are to give the organization... Read all",,
"Apr 12, 2023",Kryptonim: Polska ,Drama,"Staszek lives in Bialystok and is a member of the Radical Youth Association, abbreviated as ZMR. He is not a radical himself, but belonging to nationalists gives him strength and a sense of purpose. Fulfilling the orders of the charismatic leader - Roman, Staszek and the rest of their buddies engage in patriotic activities and actions that are to give the organization... Read all",,
"Apr 12, 2023",The Plains ,Documentary,Every evening a man in his late 50s commutes home at the end of the working day in the outer suburbs of Melbourne.,,
"Apr 12, 2023",The Plains ,Drama,Every evening a man in his late 50s commutes home at the end of the working day in the outer suburbs of Melbourne.,,
"Apr 14, 2023",Renfield ,Comedy,"Renfield, Dracula's henchman and inmate at the lunatic asylum for decades, longs for a life away from the Count, his various demands, and all of the bloodshed that comes with them.",,
"Apr 14, 2023",Renfield ,Fantasy,"Renfield, Dracula's henchman and inmate at the lunatic asylum for decades, longs for a life away from the Count, his various demands, and all of the bloodshed that comes with them.",,
"Apr 14, 2023",Renfield ,Horror,"Renfield, Dracula's henchman and inmate at the lunatic asylum for decades, longs for a life away from the Count, his various demands, and all of the bloodshed that comes with them.",,
"Apr 14, 2023",The Pope's Exorcist ,Horror,"Inspired by the actual files of Father Gabriele Amorth, Chief Exorcist of the Vatican, The Pope's Exorcist follows Amorth as he investigates a young boy's terrifying possession and ends up uncovering a centuries-old conspiracy the Vatican has desperately tried to keep hidden.",,
"Apr 14, 2023",The Pope's Exorcist ,Thriller,"Inspired by the actual files of Father Gabriele Amorth, Chief Exorcist of the Vatican, The Pope's Exorcist follows Amorth as he investigates a young boy's terrifying possession and ends up uncovering a centuries-old conspiracy the Vatican has desperately tried to keep hidden.",,
"Apr 14, 2023",Perfect Addiction ,Action,"A Successful boxing trainer discovers that her boyfriend, A reigning champion, has been cheating on her with her own sister. She sets out to get revenge by training the one man capable of dethroning him: his arch-nemesis Kayden.",,
"Apr 14, 2023",Perfect Addiction ,Drama,"A Successful boxing trainer discovers that her boyfriend, A reigning champion, has been cheating on her with her own sister. She sets out to get revenge by training the one man capable of dethroning him: his arch-nemesis Kayden.",,
"Apr 14, 2023",Perfect Addiction ,Romance,"A Successful boxing trainer discovers that her boyfriend, A reigning champion, has been cheating on her with her own sister. She sets out to get revenge by training the one man capable of dethroning him: his arch-nemesis Kayden.",,
"Apr 14, 2023",Suzume ,Animation,A modern action adventure road story where a 17-year-old girl named Suzume helps a mysterious young man close doors from the outer side that are releasing disasters all over in Japan.,,
"Apr 14, 2023",Suzume ,Action,A modern action adventure road story where a 17-year-old girl named Suzume helps a mysterious young man close doors from the outer side that are releasing disasters all over in Japan.,,
"Apr 14, 2023",Suzume ,Adventure,A modern action adventure road story where a 17-year-old girl named Suzume helps a mysterious young man close doors from the outer side that are releasing disasters all over in Japan.,,
"Apr 14, 2023",Nefarious ,Horror,"On the day of his scheduled execution, a convicted serial killer gets a psychiatric evaluation during which he claims he is a demon, and further claims that before their time is over, the psychiatrist will commit three murders of his own.",,
"Apr 14, 2023",Nefarious ,Thriller,"On the day of his scheduled execution, a convicted serial killer gets a psychiatric evaluation during which he claims he is a demon, and further claims that before their time is over, the psychiatrist will commit three murders of his own.",,
"Apr 14, 2023",Mafia Mamma ,Action,"An American mom inherits her grandfather's mafia empire in Italy. Guided by the firm's consigliere, she hilariously defies everyone's expectations as the new head of the family business.",,
"Apr 14, 2023",Mafia Mamma ,Comedy,"An American mom inherits her grandfather's mafia empire in Italy. Guided by the firm's consigliere, she hilariously defies everyone's expectations as the new head of the family business.",,
"Apr 14, 2023",Mafia Mamma ,Crime,"An American mom inherits her grandfather's mafia empire in Italy. Guided by the firm's consigliere, she hilariously defies everyone's expectations as the new head of the family business.",,
"Apr 14, 2023",Sweetwater ,Biography,"Hall of Famer Nat ""Sweetwater"" Clifton makes history as the first African American to sign an NBA contract, forever changing how the game of basketball is played.",,
"Apr 14, 2023",Sweetwater ,Drama,"Hall of Famer Nat ""Sweetwater"" Clifton makes history as the first African American to sign an NBA contract, forever changing how the game of basketball is played.",,
"Apr 14, 2023",Sweetwater ,Sport,"Hall of Famer Nat ""Sweetwater"" Clifton makes history as the first African American to sign an NBA contract, forever changing how the game of basketball is played.",,
"Apr 14, 2023",From Black ,Horror,"A recovering drug addict, desperate for closure and saddled by crushing guilt after the disappearance of her young son, is presented with a bizarre offer to learn the truth about what happened and set things right - if she is willing to pay a terrifying price. How dark is she willing to go for a chance at redemption?",,
"Apr 14, 2023","Blind Willow, Sleeping Woman ",Animation,"A giant talkative frog, a lost cat, and a tsunami help a bank employee, his wife and a schizophrenic accountant to save Tokyo from an earthquake and find a meaning to their lives.",,
"Apr 14, 2023","Blind Willow, Sleeping Woman ",Drama,"A giant talkative frog, a lost cat, and a tsunami help a bank employee, his wife and a schizophrenic accountant to save Tokyo from an earthquake and find a meaning to their lives.",,
"Apr 14, 2023","Blind Willow, Sleeping Woman ",Sci-Fi,"A giant talkative frog, a lost cat, and a tsunami help a bank employee, his wife and a schizophrenic accountant to save Tokyo from an earthquake and find a meaning to their lives.",,
"Apr 14, 2023",Once Upon a Time in Ukraine ,Action,What if Taras Shevchenko put down his pen and took a samurai sword into his hands?,,
"Apr 14, 2023",Once Upon a Time in Ukraine ,Adventure,What if Taras Shevchenko put down his pen and took a samurai sword into his hands?,,
"Apr 14, 2023",Once Upon a Time in Ukraine ,Comedy,What if Taras Shevchenko put down his pen and took a samurai sword into his hands?,,
"Apr 18, 2023",Enys Men ,Horror,"Set in 1973 on an uninhabited island off the Cornish coast, a wildlife volunteer's daily observations of a rare flower turn into a metaphysical journey that forces her as well as the viewer to question what is real and what is nightmare.",,
"Apr 18, 2023",Accidental Truth: UFO Revelations ,Documentary,"The truth can no longer be contained by those duty-bound to hide it. Officials who interact with the public regarding the UFO question openly acknowledge that they know things that they can't reveal. In ACCIDENTAL TRUTH - UFO REVELATIONS, the reality of an advanced intelligence engaging with humanity becomes undeniably clear.",,
"Apr 18, 2023",The Reaper Man ,Horror,A grieving wife summons a dark spirit with an insatiable desire for revenge.,,
"Apr 20, 2023",Padre Pio ,Biography,It follows Roman Catholic Saint Padre Pio in his early years.,,
"Apr 20, 2023",Padre Pio ,Drama,It follows Roman Catholic Saint Padre Pio in his early years.,,
"Apr 21, 2023",Evil Dead Rise ,Horror,"A twisted tale of two estranged sisters whose reunion is cut short by the rise of flesh-possessing demons, thrusting them into a primal battle for survival as they face the most nightmarish version of family imaginable.",,
"Apr 21, 2023",Beau Is Afraid ,Comedy,"Following the sudden death of his mother, a mild-mannered but anxiety-ridden man confronts his darkest fears as he embarks on an epic, Kafkaesque odyssey back home.",,
"Apr 21, 2023",Beau Is Afraid ,Drama,"Following the sudden death of his mother, a mild-mannered but anxiety-ridden man confronts his darkest fears as he embarks on an epic, Kafkaesque odyssey back home.",,
"Apr 21, 2023",Beau Is Afraid ,Horror,"Following the sudden death of his mother, a mild-mannered but anxiety-ridden man confronts his darkest fears as he embarks on an epic, Kafkaesque odyssey back home.",,
"Apr 21, 2023",Chevalier ,Biography,"Based on the true story of composer Joseph Bologne, Chevalier de Saint-Georges, the illegitimate son of an African slave and a French plantation owner, who rises to heights in French society as a composer before an ill-fated love affair.",,
"Apr 21, 2023",Chevalier ,Drama,"Based on the true story of composer Joseph Bologne, Chevalier de Saint-Georges, the illegitimate son of an African slave and a French plantation owner, who rises to heights in French society as a composer before an ill-fated love affair.",,
"Apr 21, 2023",Chevalier ,History,"Based on the true story of composer Joseph Bologne, Chevalier de Saint-Georges, the illegitimate son of an African slave and a French plantation owner, who rises to heights in French society as a composer before an ill-fated love affair.",,
"Apr 21, 2023",Guy Ritchie's The Covenant ,Action,Guy Ritchie's The Covenant follows US Army Sergeant John Kinley (Jake Gyllenhaal) and Afghan interpreter Ahmed (Dar Salim).,,
"Apr 21, 2023",Guy Ritchie's The Covenant ,Crime,Guy Ritchie's The Covenant follows US Army Sergeant John Kinley (Jake Gyllenhaal) and Afghan interpreter Ahmed (Dar Salim).,,
"Apr 21, 2023",Guy Ritchie's The Covenant ,Thriller,Guy Ritchie's The Covenant follows US Army Sergeant John Kinley (Jake Gyllenhaal) and Afghan interpreter Ahmed (Dar Salim).,,
"Apr 21, 2023",Kisi Ka Bhai Kisi Ki Jaan ,Action,"The eldest brother refuses to marry since he believes it may create disharmony in his big family. His brothers, who've already found partners, come together to find a match for him.",,
"Apr 21, 2023",Kisi Ka Bhai Kisi Ki Jaan ,Comedy,"The eldest brother refuses to marry since he believes it may create disharmony in his big family. His brothers, who've already found partners, come together to find a match for him.",,
"Apr 21, 2023",Kisi Ka Bhai Kisi Ki Jaan ,Drama,"The eldest brother refuses to marry since he believes it may create disharmony in his big family. His brothers, who've already found partners, come together to find a match for him.",,
"Apr 21, 2023",Somewhere in Queens ,Comedy,"Leo and Angela Russo live a simple life in Queens, surrounded by their overbearing Italian-American family. When their son 'Sticks' finds success on his high school basketball team, Leo tears the family apart trying to make it happen.",,
"Apr 21, 2023",Somewhere in Queens ,Drama,"Leo and Angela Russo live a simple life in Queens, surrounded by their overbearing Italian-American family. When their son 'Sticks' finds success on his high school basketball team, Leo tears the family apart trying to make it happen.",,
"Apr 21, 2023",Little Richard: I Am Everything ,Documentary,One of a kind rock 'n' roll icon who shaped the world of music.,,
"Apr 21, 2023",Little Richard: I Am Everything ,Music,One of a kind rock 'n' roll icon who shaped the world of music.,,
"Apr 21, 2023",Chokehold ,Drama,"A couple from Istanbul, settling in a village in the Aegean region to start a new and peaceful life. However, they will quickly realize that they have many enemies in this village.",,
"Apr 21, 2023",Chokehold ,Thriller,"A couple from Istanbul, settling in a village in the Aegean region to start a new and peaceful life. However, they will quickly realize that they have many enemies in this village.",,
"Apr 22, 2023",Carol Burnett: A Celebration ,,"Carol Burnett turns 90 in April, and this special birthday event celebrates a lifetime of great entertainment.",,
"Apr 25, 2023",The Tank ,Horror,"After mysteriously inheriting an abandoned coastal property, Ben and his family accidentally unleash an ancient, long-dormant creature that terrorized the entire region-including his own ancestors-for generations.",,
"Apr 25, 2023",The Tank ,Thriller,"After mysteriously inheriting an abandoned coastal property, Ben and his family accidentally unleash an ancient, long-dormant creature that terrorized the entire region-including his own ancestors-for generations.",,
"Apr 25, 2023",Hungry Dog Blues ,Crime,A small town crime thriller set in rural Missouri about two estranged half brothers that kidnap the lead witness against their incarcerated father in order to prove his innocence.,,
"Apr 26, 2023","Gorzko, gorzko! ",Comedy,"A relentless womanizer will do anything to win the heart of a beautiful stranger. Even if she, in just two weeks' time, is about to walk the aisle to say ""yes"" to another guy.",,
"Apr 26, 2023","Gorzko, gorzko! ",Romance,"A relentless womanizer will do anything to win the heart of a beautiful stranger. Even if she, in just two weeks' time, is about to walk the aisle to say ""yes"" to another guy.",,
"Apr 28, 2023",Sisu ,Action,"When an ex-soldier who discovers gold in the Lapland wilderness tries to take the loot into the city, Nazi soldiers led by a brutal SS officer battle him.",,
"Apr 28, 2023",Sisu ,War,"When an ex-soldier who discovers gold in the Lapland wilderness tries to take the loot into the city, Nazi soldiers led by a brutal SS officer battle him.",,
"Apr 28, 2023",The Black Demon ,Horror,"Stranded on a crumbling rig in Baja, a family faces off against a vengeful megalodon shark.",,
"Apr 28, 2023",The Black Demon ,Sci-Fi,"Stranded on a crumbling rig in Baja, a family faces off against a vengeful megalodon shark.",,
"Apr 28, 2023",The Black Demon ,Thriller,"Stranded on a crumbling rig in Baja, a family faces off against a vengeful megalodon shark.",,
"Apr 28, 2023","Are You There God? It's Me, Margaret. ",Comedy,"When her family moves from the city to the suburbs, 11-year-old Margaret navigates new friends, feelings, and the beginning of adolescence.",,
"Apr 28, 2023","Are You There God? It's Me, Margaret. ",Drama,"When her family moves from the city to the suburbs, 11-year-old Margaret navigates new friends, feelings, and the beginning of adolescence.",,
"Apr 28, 2023",Big George Foreman: The Miraculous Story of the Once and Future Heavyweight Champion of the World ,Biography,The life and boxing career of George Foreman.,,
"Apr 28, 2023",Big George Foreman: The Miraculous Story of the Once and Future Heavyweight Champion of the World ,Drama,The life and boxing career of George Foreman.,,
"Apr 28, 2023",Big George Foreman: The Miraculous Story of the Once and Future Heavyweight Champion of the World ,Sport,The life and boxing career of George Foreman.,,
"Apr 28, 2023",Clock ,Horror,This film by writer/director Alexis Jacknow will follow a woman's desperate attempt to fix her broken biological clock.,,
"Apr 28, 2023",Clock ,Thriller,This film by writer/director Alexis Jacknow will follow a woman's desperate attempt to fix her broken biological clock.,,
"Apr 28, 2023",Polite Society ,Action,"Ria Khan believes that she must save her older sister Lena from her impending marriage. After enlisting her friends' help, she attempts to pull off the most ambitious of all wedding heists, in the name of independence and sisterhood.",,
"Apr 28, 2023",Polite Society ,Comedy,"Ria Khan believes that she must save her older sister Lena from her impending marriage. After enlisting her friends' help, she attempts to pull off the most ambitious of all wedding heists, in the name of independence and sisterhood.",,
"Apr 28, 2023",Winter Boy ,Drama,"A 17-year-old high school student trying to get to grips with the new challenges posed by death, life, the city and ""the temptation of renouncement"".",,
"Apr 28, 2023",The End of Sex ,Comedy,"A couple feeling the pressures of parenting and adulthood, send their kids to winter camp for the first time and embark on a series of sexual adventures to reinvigorate their relationship.",,
"Apr 28, 2023",The End of Sex ,Romance,"A couple feeling the pressures of parenting and adulthood, send their kids to winter camp for the first time and embark on a series of sexual adventures to reinvigorate their relationship.",,
"Apr 28, 2023",Moonlight Soul ,Drama,A young mother dealing with mental health tries to balance her new troubled marriage and attempt to rekindle her relationship with her resentful thirteen-year-old daughter but cannot escape her troubled past.,,
"Apr 28, 2023",Moonlight Soul ,Fantasy,A young mother dealing with mental health tries to balance her new troubled marriage and attempt to rekindle her relationship with her resentful thirteen-year-old daughter but cannot escape her troubled past.,,
"Apr 28, 2023",Moonlight Soul ,Thriller,A young mother dealing with mental health tries to balance her new troubled marriage and attempt to rekindle her relationship with her resentful thirteen-year-old daughter but cannot escape her troubled past.,,
"Apr 29, 2023",Moonage Daydream ,Documentary,"A cinematic odyssey exploring David Bowie's creative and musical journey. From visionary filmmaker Brett Morgen, and sanctioned by the Bowie estate.",,
"Apr 29, 2023",Moonage Daydream ,Biography,"A cinematic odyssey exploring David Bowie's creative and musical journey. From visionary filmmaker Brett Morgen, and sanctioned by the Bowie estate.",,
"Apr 29, 2023",Moonage Daydream ,History,"A cinematic odyssey exploring David Bowie's creative and musical journey. From visionary filmmaker Brett Morgen, and sanctioned by the Bowie estate.",,
"May 01, 2023",Nuclear Now ,Documentary,"As fossil fuels cook the planet, the world is finally forced to confront a massive disinformation campaign about humanity’s cleanest, safest, and fastest energy source – nuclear energy. Beneath our feet, Uranium atoms in the Earth's crust hold incredibly concentrated energy. Science unlocked this energy in the mid-20th century, first for bombs and then to power submar... Read all",,
"May 05, 2023",Guardians of the Galaxy Vol. 3 ,Action,"Still reeling from the loss of Gamora, Peter Quill rallies his team to defend the universe and one of their own - a mission that could mean the end of the Guardians if not successful.",,
"May 05, 2023",Guardians of the Galaxy Vol. 3 ,Adventure,"Still reeling from the loss of Gamora, Peter Quill rallies his team to defend the universe and one of their own - a mission that could mean the end of the Guardians if not successful.",,
"May 05, 2023",Guardians of the Galaxy Vol. 3 ,Comedy,"Still reeling from the loss of Gamora, Peter Quill rallies his team to defend the universe and one of their own - a mission that could mean the end of the Guardians if not successful.",,
"May 05, 2023",What's Love Got to Do with It? ,Comedy,"In London, an award-winning film-maker documents her best friend's journey into an assisted marriage in line with his family's Pakistani heritage. In the process, she challenges her own attitude towards relationships.",,
"May 05, 2023",What's Love Got to Do with It? ,Romance,"In London, an award-winning film-maker documents her best friend's journey into an assisted marriage in line with his family's Pakistani heritage. In the process, she challenges her own attitude towards relationships.",,
"May 05, 2023",This Is Us ,Drama,"A young woman breaks things off with her boyfriend but finds out the universe has other plans. Desperate to move on, she is forced to literally relive the memories they've shared together. Pin-balling through time and space, she attempts to rewrite their shared history in hopes that she can find the man with whom she first fell in love.",,
"May 05, 2023",Zombie Traveler ,Action,A time traveling zombie killer travels through space and time to save the man she loves.,,
"May 05, 2023",Zombie Traveler ,Adventure,A time traveling zombie killer travels through space and time to save the man she loves.,,
"May 05, 2023",Zombie Traveler ,Comedy,A time traveling zombie killer travels through space and time to save the man she loves.,,
"May 05, 2023",Anxious Nation ,Documentary,"Over the past three decades, the biggest public health threats to teenagers in the United States came from binge drinking, drunken driving, teenage pregnancy, and smoking. Today, these have been replaced by soaring rates of mental health disorders-especially anxiety. In a rare public advisory in early 2022, the U.S. surgeon general warned of a devastating mental healt... Read all",,
"May 05, 2023",Big Fun ,Comedy,"While sneaking into a swanky Los Angeles home, a young woman and her boyfriend are coerced into hanging out with the strange homeowner.",,
"May 05, 2023",Big Fun ,Thriller,"While sneaking into a swanky Los Angeles home, a young woman and her boyfriend are coerced into hanging out with the strange homeowner.",,
"May 05, 2023",Slava Ukraini ,Documentary,,,
"May 12, 2023",Knights of the Zodiac ,Action,"When a goddess of war reincarnates in the body of a young girl, street orphan Seiya discovers that he is destined to protect her and save the world. But only if he can face his own past and become a Knight of the Zodiac.",,
"May 12, 2023",Knights of the Zodiac ,Adventure,"When a goddess of war reincarnates in the body of a young girl, street orphan Seiya discovers that he is destined to protect her and save the world. But only if he can face his own past and become a Knight of the Zodiac.",,
"May 12, 2023",Knights of the Zodiac ,Drama,"When a goddess of war reincarnates in the body of a young girl, street orphan Seiya discovers that he is destined to protect her and save the world. But only if he can face his own past and become a Knight of the Zodiac.",,
"May 12, 2023",Hypnotic ,Action,A detective investigates a mystery involving his missing daughter and a secret government program.,,
"May 12, 2023",Hypnotic ,Mystery,A detective investigates a mystery involving his missing daughter and a secret government program.,,
"May 12, 2023",Hypnotic ,Thriller,A detective investigates a mystery involving his missing daughter and a secret government program.,,
"May 12, 2023",Love Again ,Comedy,"A young woman tries to ease the pain of her fiancé's death by sending romantic texts to his old cell phone number, and forms a connection with the man the number has been reassigned to.",,
"May 12, 2023",Love Again ,Drama,"A young woman tries to ease the pain of her fiancé's death by sending romantic texts to his old cell phone number, and forms a connection with the man the number has been reassigned to.",,
"May 12, 2023",Love Again ,Romance,"A young woman tries to ease the pain of her fiancé's death by sending romantic texts to his old cell phone number, and forms a connection with the man the number has been reassigned to.",,
"May 12, 2023",BlackBerry ,Biography,The story of the meteoric rise and catastrophic demise of the world's first smartphone.,,
"May 12, 2023",BlackBerry ,Comedy,The story of the meteoric rise and catastrophic demise of the world's first smartphone.,,
"May 12, 2023",BlackBerry ,Drama,The story of the meteoric rise and catastrophic demise of the world's first smartphone.,,
"May 12, 2023",Book Club: The Next Chapter ,Comedy,Follows the new journey of four best friends as they take their book club to Italy for the fun girls trip they never had.,,
"May 12, 2023",Still: A Michael J. Fox Movie ,Documentary,"Follows the life of beloved actor and advocate Michael J. Fox, exploring his personal and professional triumphs and travails, and what happens when an incurable optimist confronts an incurable disease.",,
"May 12, 2023",Still: A Michael J. Fox Movie ,Biography,"Follows the life of beloved actor and advocate Michael J. Fox, exploring his personal and professional triumphs and travails, and what happens when an incurable optimist confronts an incurable disease.",,
"May 12, 2023",Rally Road Racers ,Animation,Racers compete in a high-stakes rally along the famous Silk Road trade route.,,
"May 12, 2023",Rally Road Racers ,Comedy,Racers compete in a high-stakes rally along the famous Silk Road trade route.,,
"May 12, 2023",Rally Road Racers ,Family,Racers compete in a high-stakes rally along the famous Silk Road trade route.,,
"May 15, 2023",The Evil of Dracula ,Horror,"A vampire seeks vengeance after his young son was killed by a hunter hired by Valen Halsing,and gains order of his kingdom to be a prince of the empire army.",,
"May 15, 2023",Crypt of Evil ,Horror,,,
"May 19, 2023",Master Gardener ,Thriller,"A meticulous horticulturist who is devoted to tending the grounds of a beautiful estate and pandering to his employer, the wealthy dowager.",,
"May 19, 2023",Fast X ,Action,Dom Toretto and his family are targeted by the vengeful son of drug kingpin Hernan Reyes.,,
"May 19, 2023",Fast X ,Crime,Dom Toretto and his family are targeted by the vengeful son of drug kingpin Hernan Reyes.,,
"May 19, 2023",Fast X ,Mystery,Dom Toretto and his family are targeted by the vengeful son of drug kingpin Hernan Reyes.,,
"May 19, 2023",It's Quieter in the Twilight ,Documentary,"In an unremarkable office space, a select group of aging engineers find themselves at the leading edge of discovery. Fighting outdated technology and time, Voyager's flight-team pursues humankind's greatest exploration. (World Premiere)",,
"May 19, 2023",On Our Way ,Drama,A troubled young filmmaker battles a dark voice inside his head, can a mysterious muse illuminate his way out of it?,
"May 19, 2023",On Our Way ,Romance,A troubled young filmmaker battles a dark voice inside his head, can a mysterious muse illuminate his way out of it?,
"May 23, 2023",Victim/Suspect ,Documentary,"Young women tell the police they've been sexually assaulted, but instead of finding justice, they're charged with the crime of making a false report, arrested, and even imprisoned by the system they believed would protect them",,
"May 23, 2023",Victim/Suspect ,Crime,"Young women tell the police they've been sexually assaulted, but instead of finding justice, they're charged with the crime of making a false report, arrested, and even imprisoned by the system they believed would protect them",,
"May 26, 2023",The Little Mermaid ,Adventure,A young mermaid makes a deal with a sea witch to trade her beautiful voice for human legs so she can discover the world above water and impress a prince.,,
"May 26, 2023",The Little Mermaid ,Family,A young mermaid makes a deal with a sea witch to trade her beautiful voice for human legs so she can discover the world above water and impress a prince.,,
"May 26, 2023",The Little Mermaid ,Fantasy,A young mermaid makes a deal with a sea witch to trade her beautiful voice for human legs so she can discover the world above water and impress a prince.,,
"May 26, 2023",The Machine ,Action,Bert's drunken past catches up with him 20 years down the road when he and his father are kidnapped by those Bert wronged 20 years ago while drunk on a college semester abroad in Russia.,,
"May 26, 2023",The Machine ,Comedy,Bert's drunken past catches up with him 20 years down the road when he and his father are kidnapped by those Bert wronged 20 years ago while drunk on a college semester abroad in Russia.,,
"May 26, 2023",You Hurt My Feelings ,Comedy,A novelist's longstanding marriage is suddenly upended when she overhears her husband giving his honest reaction to her latest book.,,
"May 26, 2023",You Hurt My Feelings ,Drama,A novelist's longstanding marriage is suddenly upended when she overhears her husband giving his honest reaction to her latest book.,,
"May 26, 2023",About My Father ,Comedy,"When Sebastian tells his old-school Italian immigrant father Salvo that he is going to propose to his all-American girlfriend, Salvo insists on crashing a weekend with her tony parents.",,
"May 26, 2023",Kandahar ,Action,A CIA operative and his translator flee from special forces in Afghanistan after exposing a covert mission.,,
"May 26, 2023",Kandahar ,Thriller,A CIA operative and his translator flee from special forces in Afghanistan after exposing a covert mission.,,
"May 26, 2023",By Invitation Only ,Mystery,"A group comes to a mysterious party and is given the option to participate in games in order to win a reward. Each character has his or her own motivation for being in attendance, and not one of them knows exactly what connects them all.",,
"May 30, 2023",Mojave Diamonds ,Action,A former MMA fighter and his brothers must rescue their kidnapped family from a dangerous crime syndicate after $50M of illegal diamonds gets stolen.,,
"May 30, 2023",Mojave Diamonds ,Thriller,A former MMA fighter and his brothers must rescue their kidnapped family from a dangerous crime syndicate after $50M of illegal diamonds gets stolen.,,
"Jun 01, 2023",Hunted ,Horror,,,
"Jun 02, 2023",Spider-Man: Across the Spider-Verse ,Animation,"Miles Morales catapults across the Multiverse, where he encounters a team of Spider-People charged with protecting its very existence. When the heroes clash on how to handle a new threat, Miles must redefine what it means to be a hero.",,
"Jun 02, 2023",Spider-Man: Across the Spider-Verse ,Action,"Miles Morales catapults across the Multiverse, where he encounters a team of Spider-People charged with protecting its very existence. When the heroes clash on how to handle a new threat, Miles must redefine what it means to be a hero.",,
"Jun 02, 2023",Spider-Man: Across the Spider-Verse ,Adventure,"Miles Morales catapults across the Multiverse, where he encounters a team of Spider-People charged with protecting its very existence. When the heroes clash on how to handle a new threat, Miles must redefine what it means to be a hero.",,
"Jun 02, 2023",The Boogeyman ,Horror,Adaptation of Stephen King's 'The Boogeyman'.,,
"Jun 02, 2023",The Boogeyman ,Mystery,Adaptation of Stephen King's 'The Boogeyman'.,,
"Jun 02, 2023",The Boogeyman ,Thriller,Adaptation of Stephen King's 'The Boogeyman'.,,
"Jun 02, 2023",6 Wheels from Hell! ,Comedy,A Psycho Truck Driver travels the countryside with a torture chamber in the back of his Murder Bus. 4 college bound teens unfortunately cross his path.,,
"Jun 02, 2023",6 Wheels from Hell! ,Horror,A Psycho Truck Driver travels the countryside with a torture chamber in the back of his Murder Bus. 4 college bound teens unfortunately cross his path.,,
"Jun 05, 2023",Diary of a Unicorn ,Thriller,,,
"Jun 06, 2023",Hollywood Dreams & Nightmares: The Robert Englund Story ,Documentary,"Since first donning a tattered fedora and a glove of eviscerating blades in 1984, Robert Englund has become one our generation's most beloved horror icons. Englund has risen to stand shoulder to shoulder in the pantheon of movie legends alongside such greats as Boris Karloff and Christopher Lee. His portrayal of Freddy Krueger is without doubt a moment as visceral to ... Read all",,
"Jun 09, 2023",Transformers: Rise of the Beasts ,Action,Plot unknown. Reportedly based on the 'Transformers' spinoff 'Beast Wars' which feature robots that transform into robotic animals.,,
"Jun 09, 2023",Transformers: Rise of the Beasts ,Adventure,Plot unknown. Reportedly based on the 'Transformers' spinoff 'Beast Wars' which feature robots that transform into robotic animals.,,
"Jun 09, 2023",Transformers: Rise of the Beasts ,Sci-Fi,Plot unknown. Reportedly based on the 'Transformers' spinoff 'Beast Wars' which feature robots that transform into robotic animals.,,
"Jun 09, 2023",Strays ,Animation,An abandoned dog teams up with other strays to get revenge on his former owner.,,
"Jun 09, 2023",Strays ,Adventure,An abandoned dog teams up with other strays to get revenge on his former owner.,,
"Jun 09, 2023",Strays ,Comedy,An abandoned dog teams up with other strays to get revenge on his former owner.,,
"Jun 09, 2023",Flamin' Hot ,Biography,"Flamin' Hot is the story of Richard Montañez, the Frito Lay janitor who channeled his Mexican American heritage and upbringing to turn Flamin' Hot Cheetos into a snack that disrupted the food industry and became a global phenomenon.",,
"Jun 09, 2023",Flamin' Hot ,Drama,"Flamin' Hot is the story of Richard Montañez, the Frito Lay janitor who channeled his Mexican American heritage and upbringing to turn Flamin' Hot Cheetos into a snack that disrupted the food industry and became a global phenomenon.",,
"Jun 09, 2023",Flamin' Hot ,History,"Flamin' Hot is the story of Richard Montañez, the Frito Lay janitor who channeled his Mexican American heritage and upbringing to turn Flamin' Hot Cheetos into a snack that disrupted the food industry and became a global phenomenon.",,
"Jun 09, 2023",Little Dodo ,Animation,A little blue dodo awakens in his egg that hatched in the middle of the nest.,,
"Jun 16, 2023",Elemental ,Animation,"Follows Ember and Wade, in a city where fire-, water-, land- and air-residents live together.",,
"Jun 16, 2023",Elemental ,Adventure,"Follows Ember and Wade, in a city where fire-, water-, land- and air-residents live together.",,
"Jun 16, 2023",Elemental ,Comedy,"Follows Ember and Wade, in a city where fire-, water-, land- and air-residents live together.",,
"Jun 16, 2023",The Flash ,Action,"Barry Allen uses his super speed to change the past, but his attempt to save his family creates a world without super heroes, forcing him to race for his life in order to save the future.",,
"Jun 16, 2023",The Flash ,Adventure,"Barry Allen uses his super speed to change the past, but his attempt to save his family creates a world without super heroes, forcing him to race for his life in order to save the future.",,
"Jun 16, 2023",The Flash ,Fantasy,"Barry Allen uses his super speed to change the past, but his attempt to save his family creates a world without super heroes, forcing him to race for his life in order to save the future.",,
"Jun 16, 2023",The Blackening ,Comedy,Seven black friends who go away for the weekend only to find themselves trapped in a cabin with a killer who has a vendetta. Will their street smarts and knowledge of horror movies help them stay alive? Probably not.,,
"Jun 16, 2023",The Blackening ,Horror,Seven black friends who go away for the weekend only to find themselves trapped in a cabin with a killer who has a vendetta. Will their street smarts and knowledge of horror movies help them stay alive? Probably not.,,
"Jun 16, 2023",The Blackening ,Thriller,Seven black friends who go away for the weekend only to find themselves trapped in a cabin with a killer who has a vendetta. Will their street smarts and knowledge of horror movies help them stay alive? Probably not.,,
"Jun 16, 2023",Extraction 2 ,Action,Sequel to the 2020 action thriller 'Extraction'.,,
"Jun 16, 2023",Extraction 2 ,Thriller,Sequel to the 2020 action thriller 'Extraction'.,,
"Jun 23, 2023",Asteroid City ,Comedy,The itinerary of a Junior Stargazer convention is spectacularly disrupted by world-changing events.,,
"Jun 23, 2023",Asteroid City ,Romance,The itinerary of a Junior Stargazer convention is spectacularly disrupted by world-changing events.,,
"Jun 23, 2023",No Hard Feelings ,Comedy,A delivery driver desperate for cash accepts a Craigslist ad from a couple seeking someone to date their painfully awkward teenage son.,,
"Jun 30, 2023",Indiana Jones and the Dial of Destiny ,Action,The plot is unknown at this time.,,
"Jun 30, 2023",Indiana Jones and the Dial of Destiny ,Adventure,The plot is unknown at this time.,,
"Jun 30, 2023","Ruby Gillman, Teenage Kraken ",Animation,"A shy adolescent learns that she comes from a fabled royal family of legendary sea krakens and that her destiny lies in the depths of the waters, which is bigger than she could have ever imagined.",,
"Jun 30, 2023","Ruby Gillman, Teenage Kraken ",Action,"A shy adolescent learns that she comes from a fabled royal family of legendary sea krakens and that her destiny lies in the depths of the waters, which is bigger than she could have ever imagined.",,
"Jun 30, 2023","Ruby Gillman, Teenage Kraken ",Adventure,"A shy adolescent learns that she comes from a fabled royal family of legendary sea krakens and that her destiny lies in the depths of the waters, which is bigger than she could have ever imagined.",,
"Jun 30, 2023",Harold and the Purple Crayon ,Animation,A young boy named Harold embarks on a magical mission with the help of his purple crayon,,
"Jun 30, 2023",Harold and the Purple Crayon ,Family,A young boy named Harold embarks on a magical mission with the help of his purple crayon,,
"Jun 30, 2023",Harold and the Purple Crayon ,Fantasy,A young boy named Harold embarks on a magical mission with the help of his purple crayon,,
"Jul 04, 2023",The Perfect Destiny ,Drama,,,
"Jul 04, 2023",The Perfect Destiny ,Family,,,
"Jul 04, 2023",The Perfect Destiny ,Romance,,,
"Jul 07, 2023",Joy Ride ,Comedy,"Follows four Asian-American friends as they bond and discover the truth of what it means to know and love who you are, while they travel through Asia in search of one of their birth mothers.",,
"Jul 07, 2023",Insidious 5 ,Horror,"The Lamberts 10 years after the last installment, as Dalton begins college.",,
"Jul 07, 2023",Insidious 5 ,Mystery,"The Lamberts 10 years after the last installment, as Dalton begins college.",,
"Jul 07, 2023",Insidious 5 ,Thriller,"The Lamberts 10 years after the last installment, as Dalton begins college.",,
"Jul 07, 2023",Biosphere ,Sci-Fi,"In the not-too-distant future, the last two men on earth must adapt and evolve to save humanity.",,
"Jul 07, 2023",Summer Gold ,Adventure,"Summer Gold follows four best friends (12 years old) on a heartfelt and comedic adventure as their parents send them to and off-the-grid summer camp; no phones, no devices, no WiFi. There, the kids encounter four suspicious Camp Counselors, uncover the truth about Civil War gold that's been missing for almost 200 years, and discover there's a whole world waiting to gr... Read all",,
"Jul 07, 2023",Summer Gold ,Comedy,"Summer Gold follows four best friends (12 years old) on a heartfelt and comedic adventure as their parents send them to and off-the-grid summer camp; no phones, no devices, no WiFi. There, the kids encounter four suspicious Camp Counselors, uncover the truth about Civil War gold that's been missing for almost 200 years, and discover there's a whole world waiting to gr... Read all",,
"Jul 07, 2023",Summer Gold ,Family,"Summer Gold follows four best friends (12 years old) on a heartfelt and comedic adventure as their parents send them to and off-the-grid summer camp; no phones, no devices, no WiFi. There, the kids encounter four suspicious Camp Counselors, uncover the truth about Civil War gold that's been missing for almost 200 years, and discover there's a whole world waiting to gr... Read all",,
"Jul 11, 2023",Squeakerz ,Animation,A group of humans and mice comes to town with a big squeak.,,
"Jul 14, 2023",Mission: Impossible - Dead Reckoning Part One ,Action,Seventh entry in the long-running Mission: Impossible series.,,
"Jul 14, 2023",Mission: Impossible - Dead Reckoning Part One ,Adventure,Seventh entry in the long-running Mission: Impossible series.,,
"Jul 14, 2023",Mission: Impossible - Dead Reckoning Part One ,Thriller,Seventh entry in the long-running Mission: Impossible series.,,
"Jul 14, 2023",Theater Camp ,Comedy,"The eccentric staff of a rundown theater camp in upstate New York, as they band together with the beloved founder's bro-y son to keep the camp afloat, when she falls into a coma right before the summer session is set to begin.",,
"Jul 21, 2023",Oppenheimer ,Biography,The story of American scientist J. Robert Oppenheimer and his role in the development of the atomic bomb.,,
"Jul 21, 2023",Oppenheimer ,Drama,The story of American scientist J. Robert Oppenheimer and his role in the development of the atomic bomb.,,
"Jul 21, 2023",Oppenheimer ,History,The story of American scientist J. Robert Oppenheimer and his role in the development of the atomic bomb.,,
"Jul 21, 2023",Barbie ,Adventure,To live in Barbie Land is to be a perfect being in a perfect place. Unless you have a full-on existential crisis. Or you're a Ken.,,
"Jul 21, 2023",Barbie ,Comedy,To live in Barbie Land is to be a perfect being in a perfect place. Unless you have a full-on existential crisis. Or you're a Ken.,,
"Jul 21, 2023",Barbie ,Fantasy,To live in Barbie Land is to be a perfect being in a perfect place. Unless you have a full-on existential crisis. Or you're a Ken.,,
"Jul 21, 2023",Coyote v. Acme ,Animation,"A story set in the ACME warehouse, the manufacturer of anything and everything used by the Looney Tunes characters.",,
"Jul 21, 2023",Coyote v. Acme ,Adventure,"A story set in the ACME warehouse, the manufacturer of anything and everything used by the Looney Tunes characters.",,
"Jul 21, 2023",Coyote v. Acme ,Comedy,"A story set in the ACME warehouse, the manufacturer of anything and everything used by the Looney Tunes characters.",,
"Jul 21, 2023",They Cloned Tyrone ,Comedy,A series of eerie events thrusts an unlikely trio onto the trail of a nefarious government conspiracy in this pulpy mystery caper.,,
"Jul 21, 2023",They Cloned Tyrone ,Mystery,A series of eerie events thrusts an unlikely trio onto the trail of a nefarious government conspiracy in this pulpy mystery caper.,,
"Jul 21, 2023",They Cloned Tyrone ,Sci-Fi,A series of eerie events thrusts an unlikely trio onto the trail of a nefarious government conspiracy in this pulpy mystery caper.,,
"Jul 21, 2023",Cobweb ,Horror,A boy who hears voices in his head decides to unleash them on his abusive parents.,,
"Jul 21, 2023",Cobweb ,Thriller,A boy who hears voices in his head decides to unleash them on his abusive parents.,,
"Jul 21, 2023",Stay Out of the Basement ,Horror,Mackenzie takes a job babysitting for a lonely young girl named Peyton only to find out that something sinister may be happening in her home.,,
"Jul 28, 2023",Haunted Mansion ,Comedy,"A single mom named Gabbie hires a tour guide, a psychic, a priest, and a historian to help exorcise their newly bought mansion; after discovering it is inhabited by ghosts.",,
"Jul 28, 2023",Haunted Mansion ,Drama,"A single mom named Gabbie hires a tour guide, a psychic, a priest, and a historian to help exorcise their newly bought mansion; after discovering it is inhabited by ghosts.",,
"Jul 28, 2023",Haunted Mansion ,Family,"A single mom named Gabbie hires a tour guide, a psychic, a priest, and a historian to help exorcise their newly bought mansion; after discovering it is inhabited by ghosts.",,
"Jul 28, 2023",Talk to Me ,Horror,"When a group of friends discover how to conjure spirits using an embalmed hand, they become hooked on the new thrill, until one of them goes too far and unleashes terrifying supernatural forces.",,
"Jul 28, 2023",Talk to Me ,Thriller,"When a group of friends discover how to conjure spirits using an embalmed hand, they become hooked on the new thrill, until one of them goes too far and unleashes terrifying supernatural forces.",,
"Aug 04, 2023",Teenage Mutant Ninja Turtles: Mutant Mayhem ,Animation,The Turtle brothers as they work to earn the love of New York City while facing down an army of mutants.,,
"Aug 04, 2023",Teenage Mutant Ninja Turtles: Mutant Mayhem ,Action,The Turtle brothers as they work to earn the love of New York City while facing down an army of mutants.,,
"Aug 04, 2023",Teenage Mutant Ninja Turtles: Mutant Mayhem ,Adventure,The Turtle brothers as they work to earn the love of New York City while facing down an army of mutants.,,
"Aug 04, 2023",The Meg 2: The Trench ,Action,Plot unknown. Sequel to the 2018 film 'The Meg'.,,
"Aug 04, 2023",The Meg 2: The Trench ,Adventure,Plot unknown. Sequel to the 2018 film 'The Meg'.,,
"Aug 04, 2023",The Meg 2: The Trench ,Horror,Plot unknown. Sequel to the 2018 film 'The Meg'.,,
"Aug 04, 2023",Dreamin' Wild ,Biography,Musical duo Donnie and Joe Emerson spend everything they have to produce a record in the 1970s.,,
"Aug 04, 2023",Dreamin' Wild ,Drama,Musical duo Donnie and Joe Emerson spend everything they have to produce a record in the 1970s.,,
"Aug 04, 2023",Dreamin' Wild ,Music,Musical duo Donnie and Joe Emerson spend everything they have to produce a record in the 1970s.,,
"Aug 05, 2023",The Six ,Horror,A scientist bearing a horrible secret is haunted by dark forces.,,
"Aug 11, 2023",Last Voyage of the Demeter ,Horror,"Based on a single chapter, the Captain's Log, from Bram Stoker's classic 1897 novel Dracula, the story is set aboard the Russian schooner Demeter, which was chartered to carry private cargo - twenty-four unmarked wooden crates - from Carpathia to London. The film will detail the strange events that befell the doomed crew as they attempt to survive the ocean voyage, st... Read all",,
"Aug 11, 2023",Gran Turismo ,Action,The ultimate wish fulfilment tale of a teenage Gran Turismo player whose gaming skills won a series of Nissan competitions to become an actual professional race car driver. Based on a true story.,,
"Aug 11, 2023",Gran Turismo ,Adventure,The ultimate wish fulfilment tale of a teenage Gran Turismo player whose gaming skills won a series of Nissan competitions to become an actual professional race car driver. Based on a true story.,,
"Aug 11, 2023",Gran Turismo ,Drama,The ultimate wish fulfilment tale of a teenage Gran Turismo player whose gaming skills won a series of Nissan competitions to become an actual professional race car driver. Based on a true story.,,
"Aug 11, 2023",Mako ,Adventure,Eight Business Men decide to go to location of Elsalam Ship Which was sinked years ago to make a documentary where they face alot of dangers there.,,
"Aug 11, 2023",Mako ,Thriller,Eight Business Men decide to go to location of Elsalam Ship Which was sinked years ago to make a documentary where they face alot of dangers there.,,
"Aug 18, 2023",Blue Beetle ,Action,A Mexican teenager finds an alien beetle that gives him superpowered armor.,,
"Aug 18, 2023",Blue Beetle ,Adventure,A Mexican teenager finds an alien beetle that gives him superpowered armor.,,
"Aug 18, 2023",Blue Beetle ,Sci-Fi,A Mexican teenager finds an alien beetle that gives him superpowered armor.,,
"Aug 18, 2023",Back on the Strip ,Comedy,"After losing the woman of his dreams, Merlin moves to Las Vegas to pursue work as a magician, only to get hired as the front man in a revival of the notorious black male stripper crew, The Chocolate Chips. Led by Luther - now broke and broken - the old, domesticated, out-of-shape Chips put aside former conflicts and reunite to save the hotel they used to perform in wh... Read all",,
"Aug 18, 2023",The Hill ,Biography,The remarkable true-life story of Ricky Hill's improbable journey to play Major League Baseball.,,
"Aug 18, 2023",The Hill ,Drama,The remarkable true-life story of Ricky Hill's improbable journey to play Major League Baseball.,,
"Aug 18, 2023",The Hill ,Sport,The remarkable true-life story of Ricky Hill's improbable journey to play Major League Baseball.,,
"Aug 18, 2023",Untitled Please Don't Destroy Project ,Comedy,"It follows three friends who live together. When they realize that they don't like their life trajectory, they set off to find a gold treasure that is rumored to be buried in the nearby mountain.",,
"Aug 25, 2023",Golda ,Biography,"Focuses on the intensely dramatic and high-stakes responsibilities and decisions that Golda Meir, also known as the 'Iron Lady of Israel' faced during the Yom Kippur War.",,
"Aug 25, 2023",Golda ,Drama,"Focuses on the intensely dramatic and high-stakes responsibilities and decisions that Golda Meir, also known as the 'Iron Lady of Israel' faced during the Yom Kippur War.",,
"Aug 25, 2023",Golda ,History,"Focuses on the intensely dramatic and high-stakes responsibilities and decisions that Golda Meir, also known as the 'Iron Lady of Israel' faced during the Yom Kippur War.",,
"Aug 25, 2023",White Bird: A Wonder Story ,Biography,"Based on the book by the best-selling author of Wonder, this uplifting movie shows how one act of kindness can live on forever",,
"Aug 25, 2023",White Bird: A Wonder Story ,Drama,"Based on the book by the best-selling author of Wonder, this uplifting movie shows how one act of kindness can live on forever",,
"Aug 25, 2023",White Bird: A Wonder Story ,Family,"Based on the book by the best-selling author of Wonder, this uplifting movie shows how one act of kindness can live on forever",,
"Sep 01, 2023",The Equalizer 3 ,Action,Plot under wraps.,,
"Sep 01, 2023",The Equalizer 3 ,Crime,Plot under wraps.,,
"Sep 01, 2023",The Equalizer 3 ,Thriller,Plot under wraps.,,
"Sep 08, 2023",The Nun 2 ,Horror,Sequel to the 2018 hit film --- The Nun.,,
"Sep 08, 2023",The Nun 2 ,Mystery,Sequel to the 2018 hit film --- The Nun.,,
"Sep 08, 2023",The Nun 2 ,Thriller,Sequel to the 2018 hit film --- The Nun.,,
"Sep 08, 2023",My Big Fat Greek Wedding 3 ,Comedy,Plot under wraps.,,
"Sep 08, 2023",My Big Fat Greek Wedding 3 ,Drama,Plot under wraps.,,
"Sep 08, 2023",My Big Fat Greek Wedding 3 ,Romance,Plot under wraps.,,
"Sep 15, 2023",A Haunting in Venice ,Crime,"In post-World War II Venice, Poirot, now retired and living in his own exile, reluctantly attends a seance. But when one of the guests is murdered, it is up to the former detective to once again uncover the killer.",,
"Sep 15, 2023",A Haunting in Venice ,Drama,"In post-World War II Venice, Poirot, now retired and living in his own exile, reluctantly attends a seance. But when one of the guests is murdered, it is up to the former detective to once again uncover the killer.",,
"Sep 15, 2023",A Haunting in Venice ,Mystery,"In post-World War II Venice, Poirot, now retired and living in his own exile, reluctantly attends a seance. But when one of the guests is murdered, it is up to the former detective to once again uncover the killer.",,
"Sep 15, 2023",Challengers ,Drama,"Follows three players who knew each other when they were teenagers as they compete in a tennis tournament to be the world-famous grand slam winner, and reignite old rivalries on and off the court.",,
"Sep 15, 2023",Challengers ,Romance,"Follows three players who knew each other when they were teenagers as they compete in a tennis tournament to be the world-famous grand slam winner, and reignite old rivalries on and off the court.",,
"Sep 15, 2023",Challengers ,Sport,"Follows three players who knew each other when they were teenagers as they compete in a tennis tournament to be the world-famous grand slam winner, and reignite old rivalries on and off the court.",,
"Sep 22, 2023",The Expendables 4 ,Action,The Expendables will square up against: an arms dealer who commands the might of a massive private army.,,
"Sep 22, 2023",The Expendables 4 ,Adventure,The Expendables will square up against: an arms dealer who commands the might of a massive private army.,,
"Sep 22, 2023",The Expendables 4 ,Thriller,The Expendables will square up against: an arms dealer who commands the might of a massive private army.,,
"Sep 22, 2023",Next Goal Wins ,Comedy,"The story of the infamously terrible American Samoa soccer team, known for a brutal 2001 FIFA match they lost 31-0.",,
"Sep 22, 2023",Next Goal Wins ,Drama,"The story of the infamously terrible American Samoa soccer team, known for a brutal 2001 FIFA match they lost 31-0.",,
"Sep 22, 2023",Next Goal Wins ,Sport,"The story of the infamously terrible American Samoa soccer team, known for a brutal 2001 FIFA match they lost 31-0.",,
"Sep 22, 2023",The Book of Clarence ,Adventure,A down on his luck Jerusalemite embarks on a misguided attempt to capitalize on the rise of celebrity and influence the Messiah for his own personal gain. The journey leads him on an exploration of faith and an unexpected path.,,
"Sep 22, 2023",The Book of Clarence ,Drama,A down on his luck Jerusalemite embarks on a misguided attempt to capitalize on the rise of celebrity and influence the Messiah for his own personal gain. The journey leads him on an exploration of faith and an unexpected path.,,
"Sep 22, 2023",The Book of Clarence ,History,A down on his luck Jerusalemite embarks on a misguided attempt to capitalize on the rise of celebrity and influence the Messiah for his own personal gain. The journey leads him on an exploration of faith and an unexpected path.,,
"Sep 22, 2023",The Blind ,Drama,"In the 1960s Deep South, a man struggles with the shame of his past while navigating his own alcoholism and complicated family dynamics as a husband and father.",,
"Sep 29, 2023",PAW Patrol: The Mighty Movie ,Animation,"A magical meteor crash lands in Adventure City, and gives the PAW Patrol pups superpowers, transforming them into The Mighty Pups",,
"Sep 29, 2023",PAW Patrol: The Mighty Movie ,Action,"A magical meteor crash lands in Adventure City, and gives the PAW Patrol pups superpowers, transforming them into The Mighty Pups",,
"Sep 29, 2023",PAW Patrol: The Mighty Movie ,Adventure,"A magical meteor crash lands in Adventure City, and gives the PAW Patrol pups superpowers, transforming them into The Mighty Pups",,
"Sep 29, 2023",We Harvest ,Horror,Plot details under wraps.,,
"Sep 29, 2023",We Harvest ,Thriller,Plot details under wraps.,,
"Sep 29, 2023",Abandonment ,,,,
"Oct 01, 2023",Dick Reno: Monster Slayer ,Comedy,"Join monster slayer Dick Reno, as he joins the team with sexy agent Michelle Pfieffer and vampiress Savannah. Can Dick Reno stop merciless king of vampire's 'Count Moldark""? Stay tuned.",,
"Oct 01, 2023",Skelly ,Drama,"After the death of his Grandfather, a boy's father dealing with grief sends him in a journey to understand death, while putting together the annual haunted house.",,
"Oct 01, 2023",Skelly ,Family,"After the death of his Grandfather, a boy's father dealing with grief sends him in a journey to understand death, while putting together the annual haunted house.",,
"Oct 04, 2023",Valhalla Awaits ,Drama,"A local Houston based production company Revolving Red Productions is producing a Period correct Viking saga with all the trials and tribulations of war, drama, and savagery.",,
"Oct 06, 2023",Kraven the Hunter ,Action,Russian immigrant Sergei Kravinoff is on a mission to prove that he is the greatest hunter in the world.,,
"Oct 06, 2023",Kraven the Hunter ,Adventure,Russian immigrant Sergei Kravinoff is on a mission to prove that he is the greatest hunter in the world.,,
"Oct 06, 2023",Kraven the Hunter ,Sci-Fi,Russian immigrant Sergei Kravinoff is on a mission to prove that he is the greatest hunter in the world.,,
"Oct 06, 2023",True Love ,Comedy,Plot details are under wraps.,,
"Oct 06, 2023",True Love ,Crime,Plot details are under wraps.,,
"Oct 06, 2023",True Love ,Drama,Plot details are under wraps.,,
"Oct 13, 2023",The Exorcist ,Horror,"Sequel to the 1973 film about a 12-year-old girl who is possessed by a mysterious demonic entity, forcing her mother to seek the help of two priests to save her.",,
"Oct 13, 2023",Ordinary Angels ,Drama,Inspired by the incredible true story of a hairdresser who single-handedly rallies an entire community to help a widowed father save the life of his critically ill young daughter.,,
"Oct 20, 2023",Killers of the Flower Moon ,Crime,"Members of the Osage tribe in the United States are murdered under mysterious circumstances in the 1920s, sparking a major F.B.I. investigation involving J. Edgar Hoover.",,
"Oct 20, 2023",Killers of the Flower Moon ,Drama,"Members of the Osage tribe in the United States are murdered under mysterious circumstances in the 1920s, sparking a major F.B.I. investigation involving J. Edgar Hoover.",,
"Oct 20, 2023",Killers of the Flower Moon ,History,"Members of the Osage tribe in the United States are murdered under mysterious circumstances in the 1920s, sparking a major F.B.I. investigation involving J. Edgar Hoover.",,
"Oct 20, 2023",Dumb Money ,Biography,Follows the Wall Street chaos after GameStop's stock skyrocketed due to Reddit,,
"Oct 20, 2023",Dumb Money ,Comedy,Follows the Wall Street chaos after GameStop's stock skyrocketed due to Reddit,,
"Oct 20, 2023",Dumb Money ,Drama,Follows the Wall Street chaos after GameStop's stock skyrocketed due to Reddit,,
"Oct 20, 2023",Herseye Ragmen ,Drama,"""Your scar becomes who you are.""",,
"Oct 27, 2023",Five Nights at Freddy's ,Horror,"A troubled security guard begins working at Freddy Fazbear's Pizza. While spending his first night on the job, he realizes the night shift at Freddy's won't be so easy to make it through.",,
"Oct 27, 2023",Saw X ,Crime,Plot is under wraps.,,
"Oct 27, 2023",Saw X ,Horror,Plot is under wraps.,,
"Oct 27, 2023",Saw X ,Mystery,Plot is under wraps.,,
"Oct 31, 2023",The First Omen ,Horror,Plot unknown.,,
"Oct 31, 2023",Unhinged ,Thriller,When a young psychiatrist tries hypnotism to save an unstable patient neither are prepared for the dark secrets that are revealed.,,
"Oct 31, 2023",The Lost ,Horror,"Vicki Ramos is a crime vlogger. While covering an illegal gun sale, she encounters the impossible; a group of vampires. Not content to ignore what she has seen, she tracks down the group, and discovers their purpose and why they are here.",,
"Oct 31, 2023",Listen Carefully ,Horror,"When troubled assistant bank manager Andy McNeary's baby daughter goes missing, he must follow the instructions of a mysterious voice on the other end of a baby monitor to save her before she disappears forever.",,
"Oct 31, 2023",Dark Haven ,Horror,"Trapped inside an abandoned building by an unimaginable horror, young Eleanor is desperate to survive. But she quickly discovers she is not alone. A dark, brooding Stranger demands that Eleanor leave his hard-won sanctuary. Determined to remain safe, Eleanor cajoles the Stranger into playing emotionally brutal games for the limited amounts of water and food. Outside t... Read all",,
"Oct 31, 2023",Dark Haven ,Thriller,"Trapped inside an abandoned building by an unimaginable horror, young Eleanor is desperate to survive. But she quickly discovers she is not alone. A dark, brooding Stranger demands that Eleanor leave his hard-won sanctuary. Determined to remain safe, Eleanor cajoles the Stranger into playing emotionally brutal games for the limited amounts of water and food. Outside t... Read all",,
"Oct 31, 2023",There Is No Sanctuary ,Horror,It follows a group of women who have banded together to survive in the zombie apocalypse.,,
"Nov 03, 2023",Dune: Part Two ,Action,"A boy becomes the Messiah of nomads on a desert planet that has giant worms that protect a commodity called Spice. Spice changes people into travelers, mystics and madmen. What price will he pay to become the new ruler of their universe?",,
"Nov 03, 2023",Dune: Part Two ,Adventure,"A boy becomes the Messiah of nomads on a desert planet that has giant worms that protect a commodity called Spice. Spice changes people into travelers, mystics and madmen. What price will he pay to become the new ruler of their universe?",,
"Nov 03, 2023",Dune: Part Two ,Drama,"A boy becomes the Messiah of nomads on a desert planet that has giant worms that protect a commodity called Spice. Spice changes people into travelers, mystics and madmen. What price will he pay to become the new ruler of their universe?",,
"Nov 10, 2023",The Marvels ,Action,Sequel to the 2019 title 'Captain Marvel'.,,
"Nov 10, 2023",The Marvels ,Adventure,Sequel to the 2019 title 'Captain Marvel'.,,
"Nov 10, 2023",The Marvels ,Fantasy,Sequel to the 2019 title 'Captain Marvel'.,,
"Nov 10, 2023",Untitled Nativity Project ,Musical,It follows three people: a young woman with an unimaginable responsibility, a man torn between love and honor, and a king who will stop at nothing to keep his crown.
"Nov 10, 2023",The Cincinnati Spin ,Comedy,"A young female reporter, recently divorced and down on her luck, gets a chance to write an article for the cover of Time Magazine, in which she finds herself becoming the very story.",,
"Nov 10, 2023",The Cincinnati Spin ,Crime,"A young female reporter, recently divorced and down on her luck, gets a chance to write an article for the cover of Time Magazine, in which she finds herself becoming the very story.",,
"Nov 10, 2023",The Cincinnati Spin ,Drama,"A young female reporter, recently divorced and down on her luck, gets a chance to write an article for the cover of Time Magazine, in which she finds herself becoming the very story.",,
"Nov 12, 2023",The Skull ,Sci-Fi,,,
"Nov 17, 2023",The Hunger Games: The Ballad of Songbirds and Snakes ,Action,Coriolanus Snow mentors and develops feelings for the female District 12 tribute during the 10th Hunger Games.,,
"Nov 17, 2023",The Hunger Games: The Ballad of Songbirds and Snakes ,Adventure,Coriolanus Snow mentors and develops feelings for the female District 12 tribute during the 10th Hunger Games.,,
"Nov 17, 2023",The Hunger Games: The Ballad of Songbirds and Snakes ,Drama,Coriolanus Snow mentors and develops feelings for the female District 12 tribute during the 10th Hunger Games.,,
"Nov 17, 2023",Trolls Band Together ,Animation,"Poppy discovers that Branch was once part of a boy band, BroZone, with his brothers: Floyd, John Dory, Spruce and Clay. But when Floyd is kidnapped, Branch and Poppy embark on a journey to reunite the other brothers and rescue Floyd",,
"Nov 17, 2023",Trolls Band Together ,Adventure,"Poppy discovers that Branch was once part of a boy band, BroZone, with his brothers: Floyd, John Dory, Spruce and Clay. But when Floyd is kidnapped, Branch and Poppy embark on a journey to reunite the other brothers and rescue Floyd",,
"Nov 17, 2023",Trolls Band Together ,Comedy,"Poppy discovers that Branch was once part of a boy band, BroZone, with his brothers: Floyd, John Dory, Spruce and Clay. But when Floyd is kidnapped, Branch and Poppy embark on a journey to reunite the other brothers and rescue Floyd",,
"Nov 17, 2023",Thanksgiving ,Horror,A real feature film version based on the fake grindhouse trailer.,,
"Nov 17, 2023",Thanksgiving ,Mystery,A real feature film version based on the fake grindhouse trailer.,,
"Nov 17, 2023",Thanksgiving ,Thriller,A real feature film version based on the fake grindhouse trailer.,,
"Nov 22, 2023",Napoleon ,Action,"The film is an original and personal look at Napoleon Bonaparte's origins and his swift, ruthless climb to emperor, viewed through the prism of his addictive and often volatile relationship with his wife and one true love, Josephine.",,
"Nov 22, 2023",Napoleon ,Biography,"The film is an original and personal look at Napoleon Bonaparte's origins and his swift, ruthless climb to emperor, viewed through the prism of his addictive and often volatile relationship with his wife and one true love, Josephine.",,
"Nov 22, 2023",Napoleon ,Drama,"The film is an original and personal look at Napoleon Bonaparte's origins and his swift, ruthless climb to emperor, viewed through the prism of his addictive and often volatile relationship with his wife and one true love, Josephine.",,
"Nov 22, 2023",Wish ,Animation,Wish will follow a young girl named Asha who wishes on a star and gets a more direct answer than she bargained for when a trouble-making star comes down from the sky to join her.,,
"Nov 22, 2023",Wish ,Adventure,Wish will follow a young girl named Asha who wishes on a star and gets a more direct answer than she bargained for when a trouble-making star comes down from the sky to join her.,,
"Nov 22, 2023",Wish ,Comedy,Wish will follow a young girl named Asha who wishes on a star and gets a more direct answer than she bargained for when a trouble-making star comes down from the sky to join her.,,
"Nov 22, 2023",The Holdovers ,Comedy,"Nobody likes teacher Paul Hunham (Giamatti) -- not his students, not his fellow faculty, not the headmaster, who all find his pomposity and rigidity exasperating. With no family and nowhere to go over Christmas holiday in 1970, Paul remains at school to supervise students unable to journey home. After a few days, only one student holdover remains -- a trouble-making 1... Read all",,
"Nov 22, 2023",The Holdovers ,Drama,"Nobody likes teacher Paul Hunham (Giamatti) -- not his students, not his fellow faculty, not the headmaster, who all find his pomposity and rigidity exasperating. With no family and nowhere to go over Christmas holiday in 1970, Paul remains at school to supervise students unable to journey home. After a few days, only one student holdover remains -- a trouble-making 1... Read all",,
"Nov 22, 2023",Betrayal ,Crime,,,
"Nov 24, 2023",A Figgly Christmas ,Animation,When Santa Clause crashes in the land of the Woodgies. Figgly has to help Santa and save Christmas.,,
"Nov 24, 2023",A Figgly Christmas ,Family,When Santa Clause crashes in the land of the Woodgies. Figgly has to help Santa and save Christmas.,,
"Nov 24, 2023",A Figgly Christmas ,Fantasy,When Santa Clause crashes in the land of the Woodgies. Figgly has to help Santa and save Christmas.,,
"Dec 01, 2023",Fuck Them All! The Story of Heaven and Hell. The Making of a Ballet ,Biography,Two outlaws discover that they have been played and the only way to survive it is to rise above it all and dance.,,
"Dec 01, 2023",From the Ashes ,Drama,"A woman is jailed for her husband's crime, and her only way out is to solve riddles from her mysterious past.",,
"Dec 01, 2023",21st Century Cleo ,Action,A fictional story about Cleopatra in her teen years. She lives a Royal life of luxury in Ancient Egypt with her parents and siblings. One night she is enticed to let loose and break the rules. What have they done?!? She is severely punished. King Pharaoh banishes her far away to set her straight and teach her a Cardinal Life Lesson. She is sent into the 21st Century a... Read all,,
"Dec 01, 2023",21st Century Cleo ,Drama,A fictional story about Cleopatra in her teen years. She lives a Royal life of luxury in Ancient Egypt with her parents and siblings. One night she is enticed to let loose and break the rules. What have they done?!? She is severely punished. King Pharaoh banishes her far away to set her straight and teach her a Cardinal Life Lesson. She is sent into the 21st Century a... Read all,,
"Dec 01, 2023",21st Century Cleo ,Family,A fictional story about Cleopatra in her teen years. She lives a Royal life of luxury in Ancient Egypt with her parents and siblings. One night she is enticed to let loose and break the rules. What have they done?!? She is severely punished. King Pharaoh banishes her far away to set her straight and teach her a Cardinal Life Lesson. She is sent into the 21st Century a... Read all,,
"Dec 01, 2023",The Accident ,,,,
"Dec 01, 2023",A Night Without Tears ,Mystery,"On the 10th year anniversary of her traumatic experience as a child, she returns to her family where the event happened. Her sister joins her only to face a new wave of terror.",,
"Dec 08, 2023",Magazine Dreams ,Drama,A Black amateur bodybuilder struggles to find human connection in this exploration of celebrity and violence.,,
"Dec 11, 2023",A Small Town Christmas ,Drama,"Summer O'Neal is an attorney that handles accident cases. Fighting against insurance companies and business owners to win the most money she can for accident victims and employment lawsuits. She has a reputation of being a no-holds barred attorney that spares no punches in the court room. She is dating the man of her dreams and in her mind, they are on the path to mar... Read all",,
"Dec 12, 2023",Mia's Bridge ,Drama,"Some bridges seem impossible to build, but through family, love and determination, Mia's dream to bridge the gap between community, business owners, law enforcement and families may be a dream coming true.",,
"Dec 15, 2023",Wonka ,Adventure,The story will focus specifically on a young Willy Wonka and how he met the Oompa-Loompas on one of his earliest adventures.,,
"Dec 15, 2023",Wonka ,Comedy,The story will focus specifically on a young Willy Wonka and how he met the Oompa-Loompas on one of his earliest adventures.,,
"Dec 15, 2023",Wonka ,Family,The story will focus specifically on a young Willy Wonka and how he met the Oompa-Loompas on one of his earliest adventures.,,
"Dec 15, 2023",Happy Suicide ,Drama,It follows a woman who wants to protect her lover from a horrible secret. She decides to protect him and his child even if she lost her own life because that is unconditional love.,,
"Dec 15, 2023",Happy Suicide ,Thriller,It follows a woman who wants to protect her lover from a horrible secret. She decides to protect him and his child even if she lost her own life because that is unconditional love.,,
"Dec 15, 2023",IJ Inspector Jamshed ,Action,"""Unlock the Secrets of an International Espionage Caper: Inspector Jamshed and His Sleuth-Savvy Children Lead the Way to Worldwide Peace and Order!""",,
"Dec 15, 2023",IJ Inspector Jamshed ,Adventure,"""Unlock the Secrets of an International Espionage Caper: Inspector Jamshed and His Sleuth-Savvy Children Lead the Way to Worldwide Peace and Order!""",,
"Dec 15, 2023",IJ Inspector Jamshed ,Family,"""Unlock the Secrets of an International Espionage Caper: Inspector Jamshed and His Sleuth-Savvy Children Lead the Way to Worldwide Peace and Order!""",,
"Dec 15, 2023",Rainbows ,Family,"A stirring story that captures the glory of determination when a physically challenged young girl brings an abused, homeless female jockey, and an abandoned horse together for a ride of a lifetime and much more.",,
"Dec 20, 2023",Aquaman and the Lost Kingdom ,Action,Plot unknown. Sequel to the 2018 film 'Aquaman.',,
"Dec 20, 2023",Aquaman and the Lost Kingdom ,Adventure,Plot unknown. Sequel to the 2018 film 'Aquaman.',,
"Dec 20, 2023",Aquaman and the Lost Kingdom ,Fantasy,Plot unknown. Sequel to the 2018 film 'Aquaman.',,
"Dec 20, 2023",Ghostbusters Sequel ,Adventure,,,
"Dec 20, 2023",Ghostbusters Sequel ,Comedy,,,
"Dec 20, 2023",Ghostbusters Sequel ,Fantasy,,,
"Dec 22, 2023",Migration ,Animation,A family of ducks try to convince their overprotective father to go on the vacation of a lifetime.,,
"Dec 22, 2023",Migration ,Adventure,A family of ducks try to convince their overprotective father to go on the vacation of a lifetime.,,
"Dec 22, 2023",Migration ,Comedy,A family of ducks try to convince their overprotective father to go on the vacation of a lifetime.,,
"Dec 22, 2023",Shepherd ,Drama,"When Pastor James Lewis, Jr. struggles with the weight of his congregation and the death of his only son, he is forced to question his faith as he searches for meaning in a time of suffering.",,
"Dec 24, 2023",Verona ,Musical,"Based on the real story that inspired Shakespeare's Romeo and Juliet, follows the greatest love story of all time, set as an original pop musical.",,
"Dec 24, 2023",Verona ,Romance,"Based on the real story that inspired Shakespeare's Romeo and Juliet, follows the greatest love story of all time, set as an original pop musical.",,
"Dec 25, 2023",The Color Purple ,Drama,Musical adaptation of Alice Walker's novel about the life-long struggles of an African American woman living in the south during the early 1900s.,,
"Dec 25, 2023",The Color Purple ,Musical,Musical adaptation of Alice Walker's novel about the life-long struggles of an African American woman living in the south during the early 1900s.,,
"Dec 25, 2023",Lost Weekend ,Comedy,"His marriage and band falling apart, John Lennon recruits comedian Albert Brooks and musician Harry Nilsson for a raucous 24-hour journey through 1973 Los Angeles to try to save a lost album and himself.",,
"Dec 25, 2023",Target Number One ,Action,"In order to strengthen his connections on the street, a young man has to participate in a violent robbery. But, after surviving the war between street gangs, he becomes the main target of law enforcement and a ruthless mobster.",,
"Dec 25, 2023",Target Number One ,Thriller,"In order to strengthen his connections on the street, a young man has to participate in a violent robbery. But, after surviving the war between street gangs, he becomes the main target of law enforcement and a ruthless mobster.",,
"Dec 25, 2023",Eternal Oath ,Drama,"An ancient clan of vampires take a sacred vow to stay in the light by protecting humans from evil vampires. Until one day, that challenge is compromised.",,
"Dec 25, 2023",Eternal Oath ,Fantasy,"An ancient clan of vampires take a sacred vow to stay in the light by protecting humans from evil vampires. Until one day, that challenge is compromised.",,
"Dec 25, 2023",Eternal Oath ,Romance,"An ancient clan of vampires take a sacred vow to stay in the light by protecting humans from evil vampires. Until one day, that challenge is compromised.",,
"Dec 30, 2023",The Strangers ,Horror,A young couple drive cross-country toward a new beginning, unfortunately they have no choice but to stop in a secluded Airbnb in Oregon--and endure a night of terror against three masked strangers.,
"Jan 12, 2024",Untitled Bob Marley Biopic ,Biography,A look at the life of legendary reggae musician Bob Marley.,,
"Jan 12, 2024",Untitled Bob Marley Biopic ,Drama,A look at the life of legendary reggae musician Bob Marley.,,
"Jan 12, 2024",Untitled Bob Marley Biopic ,Music,A look at the life of legendary reggae musician Bob Marley.,,
"Jan 12, 2024",El Muerto ,Action,A wrestler gains super power through a mystical mask who originally fought Spider-Man in a charity wrestling match in which he nearly unmasked the webslinger before being stung by Spider-Man with a paralyzing poison.,,
"Jan 12, 2024",El Muerto ,Adventure,A wrestler gains super power through a mystical mask who originally fought Spider-Man in a charity wrestling match in which he nearly unmasked the webslinger before being stung by Spider-Man with a paralyzing poison.,,
"Jan 12, 2024",El Muerto ,Sci-Fi,A wrestler gains super power through a mystical mask who originally fought Spider-Man in a charity wrestling match in which he nearly unmasked the webslinger before being stung by Spider-Man with a paralyzing poison.,,
"Jan 19, 2024",The Tiger's Apprentice ,Animation,"The story centers on a normal boy, Tom, who gets drawn into this world against his wishes when his eccentric grandmother who he lives with in San Francisco's Chinatown turns out to be the guardian of the phoenix egg. When his grandmother perishes in battle and is spirited away in a ghost cart, Tom must apprentice with an unlikely mentor - a tiger, Mr. Hu - to learn an... Read all",,
"Jan 19, 2024",The Tiger's Apprentice ,Action,"The story centers on a normal boy, Tom, who gets drawn into this world against his wishes when his eccentric grandmother who he lives with in San Francisco's Chinatown turns out to be the guardian of the phoenix egg. When his grandmother perishes in battle and is spirited away in a ghost cart, Tom must apprentice with an unlikely mentor - a tiger, Mr. Hu - to learn an... Read all",,
"Jan 19, 2024",The Tiger's Apprentice ,Adventure,"The story centers on a normal boy, Tom, who gets drawn into this world against his wishes when his eccentric grandmother who he lives with in San Francisco's Chinatown turns out to be the guardian of the phoenix egg. When his grandmother perishes in battle and is spirited away in a ghost cart, Tom must apprentice with an unlikely mentor - a tiger, Mr. Hu - to learn an... Read all",,
"Jan 19, 2024",Night Swim ,Horror,Feature length version of the 2014 short film about a woman swimming in her pool at night terrorized by an evil spirit.,,
"Jan 19, 2024",Night Swim ,Thriller,Feature length version of the 2014 short film about a woman swimming in her pool at night terrorized by an evil spirit.,,
"Jan 25, 2024",Teacher's Pet ,Animation,,,
"Jan 25, 2024",Teacher's Pet ,Thriller,,,
"Feb 02, 2024",Wise Guys ,Biography,"Vito Genovese and Frank Costello, a pair of Italian Americans who run two separate crime families in the mid-20th century. Genovese attempted to assassinate Costello in 1957, although Costello retired from the mob.",,
"Feb 02, 2024",Wise Guys ,Crime,"Vito Genovese and Frank Costello, a pair of Italian Americans who run two separate crime families in the mid-20th century. Genovese attempted to assassinate Costello in 1957, although Costello retired from the mob.",,
"Feb 02, 2024",Wise Guys ,Drama,"Vito Genovese and Frank Costello, a pair of Italian Americans who run two separate crime families in the mid-20th century. Genovese attempted to assassinate Costello in 1957, although Costello retired from the mob.",,
"Feb 09, 2024",Untitled Dirty Dancing Project ,Drama,Plot kept under wraps.,,
"Feb 09, 2024",Untitled Dirty Dancing Project ,Music,Plot kept under wraps.,,
"Feb 09, 2024",Untitled Dirty Dancing Project ,Musical,Plot kept under wraps.,,
"Feb 09, 2024",Untitled Universal Animated Event Film ,,,,
"Feb 16, 2024",Madame Web ,Action,Spin-off from Spider-Man centering on a clairvoyant mutant named Madame Web.,,
"Feb 16, 2024",Madame Web ,Adventure,Spin-off from Spider-Man centering on a clairvoyant mutant named Madame Web.,,
"Feb 16, 2024",Madame Web ,Sci-Fi,Spin-off from Spider-Man centering on a clairvoyant mutant named Madame Web.,,
"Mar 01, 2024",The Fall Guy ,Action,Plot undisclosed.,,
"Mar 01, 2024",The Fall Guy ,Drama,Plot undisclosed.,,
"Mar 01, 2024",Elio ,Animation,Elio struggles to fit in until he is transported by aliens and becomes the chosen one to be Earth's galactic ambassador while his mother Olga works on the top secret project to decode alien messages.,,
"Mar 01, 2024",Elio ,Adventure,Elio struggles to fit in until he is transported by aliens and becomes the chosen one to be Earth's galactic ambassador while his mother Olga works on the top secret project to decode alien messages.,,
"Mar 01, 2024",Elio ,Comedy,Elio struggles to fit in until he is transported by aliens and becomes the chosen one to be Earth's galactic ambassador while his mother Olga works on the top secret project to decode alien messages.,,
"Mar 03, 2024",No Family Without Blood ,Adventure,"A high-ranking executive at a family-owned business attempts a hostile takeover and persuades a third of the managerial staff to travel to the corporation's newest regional territory to start a start-up rival company. Employees in the new territory are now in danger of losing their positions, homes, stability, and quality of life. In an emergency C-suite meeting, a ch... Read all",,
"Mar 03, 2024",No Family Without Blood ,Mystery,"A high-ranking executive at a family-owned business attempts a hostile takeover and persuades a third of the managerial staff to travel to the corporation's newest regional territory to start a start-up rival company. Employees in the new territory are now in danger of losing their positions, homes, stability, and quality of life. In an emergency C-suite meeting, a ch... Read all",,
"Mar 03, 2024",No Family Without Blood ,Thriller,"A high-ranking executive at a family-owned business attempts a hostile takeover and persuades a third of the managerial staff to travel to the corporation's newest regional territory to start a start-up rival company. Employees in the new territory are now in danger of losing their positions, homes, stability, and quality of life. In an emergency C-suite meeting, a ch... Read all",,
"Mar 08, 2024",Kung Fu Panda 4 ,Animation,"Follow Po on his wide-eyed adventures in ancient China, whose love of kung fu is matched only by an insatiable appetite.",,
"Mar 08, 2024",Kung Fu Panda 4 ,Action,"Follow Po on his wide-eyed adventures in ancient China, whose love of kung fu is matched only by an insatiable appetite.",,
"Mar 08, 2024",Kung Fu Panda 4 ,Adventure,"Follow Po on his wide-eyed adventures in ancient China, whose love of kung fu is matched only by an insatiable appetite.",,
"Mar 08, 2024",A Quiet Place: Day One ,Drama,Plot under wraps.,,
"Mar 08, 2024",A Quiet Place: Day One ,Horror,Plot under wraps.,,
"Mar 08, 2024",A Quiet Place: Day One ,Sci-Fi,Plot under wraps.,,
"Mar 08, 2024",Untitled Dreamworks Animation Film ,,,,
"Mar 15, 2024",Godzilla and Kong ,Action,Plot kept under wraps.,,
"Mar 15, 2024",Godzilla and Kong ,Adventure,Plot kept under wraps.,,
"Mar 15, 2024",Heart Stopper ,Action,,,
"Mar 15, 2024",Heart Stopper ,Romance,,,
"Mar 15, 2024",Heart Stopper ,Thriller,,,
